{"cameraMode":{"drawMode":0,"name":"Shaded","section":"Shading Mode"},"sceneLighting":false,"audioPlay":false,"sceneViewState":{"m_AlwaysRefresh":false,"showFog":true,"showSkybox":true,"showFlares":true,"showImageEffects":true,"showParticleSystems":true,"showVisualEffectGraphs":true,"m_FxEnabled":true},"in2DMode":false,"pivot":{"x":1.9231719970703126,"y":399.7547302246094,"z":124.19618225097656},"rotation":{"x":0.021879300475120546,"y":-0.6404308080673218,"z":0.01825721375644207,"w":0.7674865126609802},"size":54.158695220947269,"orthographic":false}