{"cameraMode":{"drawMode":0,"name":"Shaded","section":"Shading Mode"},"sceneLighting":false,"audioPlay":false,"sceneViewState":{"m_AlwaysRefresh":false,"showFog":true,"showSkybox":true,"showFlares":true,"showImageEffects":true,"showParticleSystems":true,"showVisualEffectGraphs":true,"m_FxEnabled":true},"in2DMode":false,"pivot":{"x":-2.0014524459838869,"y":12.51787281036377,"z":-15.985517501831055},"rotation":{"x":0.25398895144462588,"y":-0.17068739235401154,"z":0.04559001326560974,"w":0.9509413838386536},"size":0.8660253882408142,"orthographic":false}